{"cameraMode":{"drawMode":0,"name":"Shaded","section":"Shading Mode"},"sceneLighting":true,"audioPlay":false,"sceneViewState":{"showFog":true,"showMaterialUpdate":false,"showSkybox":true,"showFlares":true,"showImageEffects":true,"showParticleSystems":true},"in2DMode":false,"pivot":{"x":-7.589560508728027,"y":8.021690368652344,"z":-5.701233386993408},"rotation":{"x":0.38341814279556277,"y":-0.19178274273872376,"z":0.08171849697828293,"w":0.899770200252533},"size":5.119649410247803,"orthographic":false}