{"cameraMode":{"drawMode":0,"name":"Shaded","section":"Shading Mode"},"sceneLighting":true,"audioPlay":false,"sceneViewState":{"showFog":true,"showMaterialUpdate":false,"showSkybox":true,"showFlares":true,"showImageEffects":true,"showParticleSystems":true},"in2DMode":false,"pivot":{"x":-8.705596923828125,"y":-0.4008868932723999,"z":1.9606202840805054},"rotation":{"x":0.19387537240982057,"y":-0.6813443303108215,"z":0.1946830302476883,"w":0.6784818768501282},"size":7.9435906410217289,"orthographic":false}