{"cameraMode":{"drawMode":0,"name":"Shaded","section":"Shading Mode"},"sceneLighting":true,"audioPlay":false,"sceneViewState":{"showFog":true,"showMaterialUpdate":false,"showSkybox":true,"showFlares":true,"showImageEffects":true,"showParticleSystems":true},"in2DMode":false,"pivot":{"x":-1.908478856086731,"y":-10.122848510742188,"z":22.351078033447267},"rotation":{"x":0.25739938020706179,"y":0.004341116640716791,"z":-0.0011805277317762375,"w":0.966326117515564},"size":15.707559585571289,"orthographic":false}