{"cameraMode":{"drawMode":0,"name":"Shaded","section":"Shading Mode"},"sceneLighting":true,"audioPlay":false,"sceneViewState":{"showFog":true,"showMaterialUpdate":false,"showSkybox":true,"showFlares":true,"showImageEffects":true,"showParticleSystems":true},"in2DMode":false,"pivot":{"x":-7.5901641845703129,"y":-13.355793952941895,"z":31.59602165222168},"rotation":{"x":0.23422640562057496,"y":-0.10476747900247574,"z":0.025370759889483453,"w":0.9662210941314697},"size":22.202299118041993,"orthographic":false}